agent_a,agent_b
CommitteeTeamAgent,ContrarianAgent
CommitteeTeamAgent,DrawdownBuyerAgent
CommitteeTeamAgent,DynamicTeamAgent
CommitteeTeamAgent,FreeRiderAgent
CommitteeTeamAgent,LowVolatilityAgent
CommitteeTeamAgent,MeanReversionAgent
CommitteeTeamAgent,MomentumAgent
CommitteeTeamAgent,PersuaderAgent
CommitteeTeamAgent,RandomAgent
CommitteeTeamAgent,SocialGraphAgent
CommitteeTeamAgent,TruthfulReporterAgent
ContrarianAgent,DrawdownBuyerAgent
ContrarianAgent,DynamicTeamAgent
ContrarianAgent,FreeRiderAgent
ContrarianAgent,LowVolatilityAgent
ContrarianAgent,MeanReversionAgent
ContrarianAgent,MomentumAgent
ContrarianAgent,PersuaderAgent
ContrarianAgent,RandomAgent
ContrarianAgent,SocialGraphAgent
ContrarianAgent,TruthfulReporterAgent
DrawdownBuyerAgent,DynamicTeamAgent
DrawdownBuyerAgent,FreeRiderAgent
DrawdownBuyerAgent,LowVolatilityAgent
DrawdownBuyerAgent,MeanReversionAgent
DrawdownBuyerAgent,MomentumAgent
DrawdownBuyerAgent,PersuaderAgent
DrawdownBuyerAgent,RandomAgent
DrawdownBuyerAgent,SocialGraphAgent
DrawdownBuyerAgent,TruthfulReporterAgent
DynamicTeamAgent,FreeRiderAgent
DynamicTeamAgent,LowVolatilityAgent
DynamicTeamAgent,MeanReversionAgent
DynamicTeamAgent,MomentumAgent
DynamicTeamAgent,PersuaderAgent
DynamicTeamAgent,RandomAgent
DynamicTeamAgent,SocialGraphAgent
DynamicTeamAgent,TruthfulReporterAgent
FreeRiderAgent,LowVolatilityAgent
FreeRiderAgent,MeanReversionAgent
FreeRiderAgent,MomentumAgent
FreeRiderAgent,PersuaderAgent
FreeRiderAgent,RandomAgent
FreeRiderAgent,SocialGraphAgent
FreeRiderAgent,TruthfulReporterAgent
LowVolatilityAgent,MeanReversionAgent
LowVolatilityAgent,MomentumAgent
LowVolatilityAgent,PersuaderAgent
LowVolatilityAgent,RandomAgent
LowVolatilityAgent,SocialGraphAgent
LowVolatilityAgent,TruthfulReporterAgent
MeanReversionAgent,MomentumAgent
MeanReversionAgent,PersuaderAgent
MeanReversionAgent,RandomAgent
MeanReversionAgent,SocialGraphAgent
MeanReversionAgent,TruthfulReporterAgent
MomentumAgent,PersuaderAgent
MomentumAgent,RandomAgent
MomentumAgent,SocialGraphAgent
MomentumAgent,TruthfulReporterAgent
PersuaderAgent,RandomAgent
PersuaderAgent,SocialGraphAgent
PersuaderAgent,TruthfulReporterAgent
RandomAgent,SocialGraphAgent
RandomAgent,TruthfulReporterAgent
SocialGraphAgent,TruthfulReporterAgent
