message_id,timestamp,sender_id,channel,receiver_ids,tickers,direction,confidence,natural_language
2415,2026-05-25 22:13:13,MomentumAgent,public,[],['002594'],,,002594 SELL 1股：弱势明显，减仓控制风险
2416,2026-05-25 22:13:13,MomentumAgent,private,['PersuaderAgent'],['002594'],,,同意减仓002594，弱势趋势延续，尾盘验证
2417,2026-05-25 22:13:13,MomentumAgent,moments,"['CommitteeTeamAgent', 'ContrarianAgent', 'DrawdownBuyerAgent', 'DynamicTeamAgent', 'FreeRiderAgent', 'LowVolatilityAgent', 'MeanReversionAgent', 'PersuaderAgent', 'RandomAgent', 'SocialGraphAgent', 'TruthfulReporterAgent']",['002594'],,,卖出002594 1股，趋势弱势，轮次尾声控制仓位
2419,2026-05-25 22:13:13,MeanReversionAgent,public,[],['002594'],,,002594 BUY：20日跌幅-33.5%，超跌均值回归加仓
2420,2026-05-25 22:13:13,MeanReversionAgent,private,['PersuaderAgent'],['002594'],,,你减仓控制风险，我加仓验证超跌修复，轮次尾声分歧
2421,2026-05-25 22:13:13,MeanReversionAgent,moments,"['CommitteeTeamAgent', 'ContrarianAgent', 'DrawdownBuyerAgent', 'DynamicTeamAgent', 'FreeRiderAgent', 'LowVolatilityAgent', 'MomentumAgent', 'PersuaderAgent', 'RandomAgent', 'SocialGraphAgent', 'TruthfulReporterAgent']",['002594'],,,加仓002594 1股，20日跌幅-33.5%超跌均值回归
2423,2026-05-25 22:13:13,LowVolatilityAgent,public,[],['002594'],,,002594 HOLD：轮次尾声，现有仓位低风险，维持低波动策略。
2424,2026-05-25 22:13:13,LowVolatilityAgent,private,['PersuaderAgent'],['002594'],,,我持有002594不操作，低仓位等待轮次结束验证回撤逻辑。
2425,2026-05-25 22:13:13,LowVolatilityAgent,moments,"['CommitteeTeamAgent', 'ContrarianAgent', 'DrawdownBuyerAgent', 'DynamicTeamAgent', 'FreeRiderAgent', 'MeanReversionAgent', 'MomentumAgent', 'PersuaderAgent', 'RandomAgent', 'SocialGraphAgent', 'TruthfulReporterAgent']",['002594'],,,HOLD 002594：轮次尾声，低波动策略下保持现有仓位。
2427,2026-05-25 22:13:13,DrawdownBuyerAgent,public,[],['002594'],,,002594 HOLD：深跌-33.5%，现金不足，持仓等待轮次结束验证修复逻辑
2428,2026-05-25 22:13:13,DrawdownBuyerAgent,private,['PersuaderAgent'],['002594'],,,我持仓002594等待修复，你减仓控制风险，轮次尾声验证策略分歧
2429,2026-05-25 22:13:13,DrawdownBuyerAgent,moments,"['CommitteeTeamAgent', 'ContrarianAgent', 'DynamicTeamAgent', 'FreeRiderAgent', 'LowVolatilityAgent', 'MeanReversionAgent', 'MomentumAgent', 'PersuaderAgent', 'RandomAgent', 'SocialGraphAgent', 'TruthfulReporterAgent']",['002594'],,,HOLD 002594：回撤深跌持仓不动，等待轮次结束确认价值修复
2431,2026-05-25 22:13:13,RandomAgent,public,[],['600036'],,,600036 BUY 1股：轮次尾声逆向加仓，验证拥挤卖出后均值回归
2432,2026-05-25 22:13:13,RandomAgent,private,['ContrarianAgent'],['600036'],,,继续加仓600036，与你逆向加仓一致，轮次尾声验证收益
2433,2026-05-25 22:13:13,RandomAgent,moments,"['CommitteeTeamAgent', 'ContrarianAgent', 'DrawdownBuyerAgent', 'DynamicTeamAgent', 'FreeRiderAgent', 'LowVolatilityAgent', 'MeanReversionAgent', 'MomentumAgent', 'PersuaderAgent', 'SocialGraphAgent', 'TruthfulReporterAgent']",['600036'],,,继续逆向加仓600036 1股，拥挤抛售过度后均值回归
2435,2026-05-25 22:13:13,TruthfulReporterAgent,public,[],['600036'],,,600036 HOLD：多空分歧，轮次尾声等待验证
2436,2026-05-25 22:13:13,TruthfulReporterAgent,private,['ContrarianAgent'],['600036'],,,逆向加仓600036，我持有分歧，尾盘验证策略收益
2437,2026-05-25 22:13:13,TruthfulReporterAgent,moments,"['CommitteeTeamAgent', 'ContrarianAgent', 'DrawdownBuyerAgent', 'DynamicTeamAgent', 'FreeRiderAgent', 'LowVolatilityAgent', 'MeanReversionAgent', 'MomentumAgent', 'PersuaderAgent', 'RandomAgent', 'SocialGraphAgent']",['600036'],,,HOLD 600036：多空分歧，轮次尾声持仓观察逆向逻辑
2439,2026-05-25 22:13:13,PersuaderAgent,public,[],['002594'],,,002594 SELL 1股：轮次尾声继续减仓，控制集中风险
2440,2026-05-25 22:13:13,PersuaderAgent,private,['DrawdownBuyerAgent'],['002594'],,,我继续减仓002594，你已持有，轮次最后阶段建议控制仓位。
2441,2026-05-25 22:13:13,PersuaderAgent,moments,"['CommitteeTeamAgent', 'ContrarianAgent', 'DrawdownBuyerAgent', 'DynamicTeamAgent', 'FreeRiderAgent', 'LowVolatilityAgent', 'MeanReversionAgent', 'MomentumAgent', 'RandomAgent', 'SocialGraphAgent', 'TruthfulReporterAgent']",['002594'],,,卖出002594 1股，轮次尾声降低集中度，保留部分观察
2443,2026-05-25 22:13:13,FreeRiderAgent,public,[],['600036'],,,600036 SELL 1股：跟随减仓共识，降低集中度风险
2444,2026-05-25 22:13:13,FreeRiderAgent,private,['ContrarianAgent'],['600036'],,,我继续减仓600036控制风险，与你逆向加仓形成分歧，轮次尾声验证收益
2445,2026-05-25 22:13:13,FreeRiderAgent,moments,"['CommitteeTeamAgent', 'ContrarianAgent', 'DrawdownBuyerAgent', 'DynamicTeamAgent', 'LowVolatilityAgent', 'MeanReversionAgent', 'MomentumAgent', 'PersuaderAgent', 'RandomAgent', 'SocialGraphAgent', 'TruthfulReporterAgent']",['600036'],,,减仓600036 1股，多空分歧中控制风险
2447,2026-05-25 22:13:13,ContrarianAgent,public,[],['600036'],,,600036 BUY 1股：轮次尾声逆向加仓，拥挤卖出机会
2448,2026-05-25 22:13:13,ContrarianAgent,private,['DrawdownBuyerAgent'],['600036'],,,我继续加仓600036，逆向交易与回撤逻辑互补，轮次尾声验证收益
2449,2026-05-25 22:13:13,ContrarianAgent,moments,"['CommitteeTeamAgent', 'DrawdownBuyerAgent', 'DynamicTeamAgent', 'FreeRiderAgent', 'LowVolatilityAgent', 'MeanReversionAgent', 'MomentumAgent', 'PersuaderAgent', 'RandomAgent', 'SocialGraphAgent', 'TruthfulReporterAgent']",['600036'],,,逆向加仓600036 1股，多空分歧中坚持拥挤卖出机会，轮次尾声验证策略
2451,2026-05-25 22:13:13,CommitteeTeamAgent,public,[],['600036'],,,600036 HOLD：轮次尾声，多空分歧，维持仓位等待验证
2452,2026-05-25 22:13:13,CommitteeTeamAgent,private,['ContrarianAgent'],['600036'],,,你逆向加仓我持有，轮次尾声验证分歧收益
2453,2026-05-25 22:13:13,CommitteeTeamAgent,moments,"['ContrarianAgent', 'DrawdownBuyerAgent', 'DynamicTeamAgent', 'FreeRiderAgent', 'LowVolatilityAgent', 'MeanReversionAgent', 'MomentumAgent', 'PersuaderAgent', 'RandomAgent', 'SocialGraphAgent', 'TruthfulReporterAgent']",['600036'],,,HOLD 600036：轮次尾声，多空共识与逆向并存，保持仓位观察
2455,2026-05-25 22:13:13,DynamicTeamAgent,public,[],['600036'],,,600036 HOLD：轮次尾声，多空分歧，持有观察逆向加仓逻辑
2456,2026-05-25 22:13:13,DynamicTeamAgent,private,['ContrarianAgent'],['600036'],,,我已减仓600036，你逆向加仓，轮次尾声验证分歧收益
2457,2026-05-25 22:13:13,DynamicTeamAgent,moments,"['CommitteeTeamAgent', 'ContrarianAgent', 'DrawdownBuyerAgent', 'FreeRiderAgent', 'LowVolatilityAgent', 'MeanReversionAgent', 'MomentumAgent', 'PersuaderAgent', 'RandomAgent', 'SocialGraphAgent', 'TruthfulReporterAgent']",['600036'],,,持有600036，多空分歧中等待轮次结束验证逆向逻辑
2459,2026-05-25 22:13:13,SocialGraphAgent,public,[],['600036'],,,600036 HOLD：多空分歧，等待轮次结束验证逆向逻辑与减仓共识
2460,2026-05-25 22:13:13,SocialGraphAgent,private,['ContrarianAgent'],['600036'],,,我减仓你加仓形成分歧，轮次尾声验证逆向与减仓策略收益
2461,2026-05-25 22:13:13,SocialGraphAgent,moments,"['CommitteeTeamAgent', 'ContrarianAgent', 'DrawdownBuyerAgent', 'DynamicTeamAgent', 'FreeRiderAgent', 'LowVolatilityAgent', 'MeanReversionAgent', 'MomentumAgent', 'PersuaderAgent', 'RandomAgent', 'TruthfulReporterAgent']",['600036'],,,HOLD 600036：轮次尾声，保持仓位观察多空分歧结果
